'AF','Afghanistan','afghanisch'
'EG','Ägypten','ägyptisch'
'AX','Ålandinseln','åländisch'
'AL','Albanien','albanisch'
'DZ','Algerien','algerisch'
'AD','Andorra','andorranisch'
'AO','Angola','angolanisch'
'AG','Antigua und Barbuda','antiguanisch'
'GQ','Äquatorialguinea','äquatorialguineisch'
'AR','Argentinien','argentinisch'
'AM','Armenien','armenisch'
'AZ','Aserbaidschan','aserbaidschanisch'
'ET','Äthiopien','äthiopisch'
'AU','Australien','australisch'
'BS','Bahamas','bahamaisch'
'BH','Bahrain','bahrainisch'
'BD','Bangladesch','bangladeschisch'
'BB','Barbados','barbadisch'
'BE','Belgien','belgisch'
'BZ','Belize','belizisch'
'BJ','Benin','beninisch'
'BT','Bhutan','bhutanisch'
'BO','Bolivien','bolivianisch'
'BA','Bosnien und Herzegowina','bosnisch-herzegowinisch'
'BW','Botsuana','botsuanisch'
'BR','Brasilien','brasilianisch'
'BN','Brunei Darussalam','bruneiisch'
'BG','Bulgarien','bulgarisch'
'BF','Burkina Faso','burkinisch'
'BI','Burundi','burundisch'
'CL','Chile','chilenisch'
'CN','China','chinesisch'
'CK','Cookinseln','der Cookinseln'
'CR','Costa Rica','costa-ricanisch'
'CI','Côte d’Ivoire','ivorisch'
'DK','Dänemark','dänisch'
'DE','Deutschland','deutsch'
'DM','Dominica','dominicanisch'
'DO','die Dominikanische Republik','dominikanisch'
'DJ','Dschibuti','dschibutisch'
'EC','Ecuador','ecuadorianisch'
'SV','El Salvador','salvadorianisch'
'ER','Eritrea','eritreisch'
'EE','Estland','estnisch'
'FJ','Fidschi','fidschianisch'
'FI','Finnland','finnisch'
'FR','Frankreich','französisch'
'GA','Gabun','gabunisch'
'GM','Gambia','gambisch'
'GE','Georgien','georgisch'
'GH','Ghana','ghanaisch'
'GD','Grenada','grenadisch'
'GR','Griechenland','griechisch'
'GT','Guatemala','guatemaltekisch'
'GN','Guinea','guineisch'
'GW','Guinea-Bissau','guinea-bissauisch'
'GY','Guyana','guyanisch'
'HT','Haiti','haitianisch'
'HN','Honduras','honduranisch'
'IN','Indien','indisch'
'ID','Indonesien','indonesisch'
'IQ','Irak','irakisch'
'IR','Iran','iranisch'
'IE','Irland','irisch'
'IS','Island','isländisch'
'IL','Israel','israelisch'
'IT','Italien','italienisch'
'JM','Jamaika','jamaikanisch'
'JP','Japan','japanisch'
'YE','Jemen','jemenitisch'
'JO','Jordanien','jordanisch'
'KH','Kambodscha','kambodschanisch'
'CM','Kamerun','kamerunisch'
'CA','Kanada','kanadisch'
'CV','Kap Verde','kap-verdisch'
'KZ','Kasachstan','kasachisch'
'QA','Katar','katarisch'
'KE','Kenia','kenianisch'
'KG','Kirgisistan','kirgisisch'
'KI','Kiribati','kiribatisch'
'CO','Kolumbien','kolumbianisch'
'KM','Komoren','Komorer/in'
'CD','die Demokratische Republik Kongo','der Demokratischen Republik Kongo'
'CG','Kongo','kongolesisch'
'KP','die Demokratische Volksrepublik Korea','der Demokratischen Volksrepublik Korea'
'KR','Korea','der Republik Korea'
'HR','Kroatien','kroatisch'
'CU','Kuba','kubanisch'
'KW','Kuwait','kuwaitisch'
'LA','die Demokratische Volksrepublik Laos','laotisch'
'LS','Lesotho','lesothisch'
'LV','Lettland','lettisch'
'LB','Libanon','libanesisch'
'LR','Liberia','liberianisch'
'LY','Libyen','libysch'
'LI','Liechtenstein','liechtensteinisch'
'LT','Litauen','litauisch'
'LU','Luxemburg','luxemburgisch'
'MG','Madagaskar','madagassisch'
'MW','Malawi','malawisch'
'MY','Malaysia','malaysisch'
'MV','Malediven','maledivisch'
'ML','Mali','malisch'
'MT','Malta','maltesisch'
'MA','Marokko','marokkanisch'
'MH','Marshallinseln','marshallisch'
'MR','Mauretanien','mauretanisch'
'MU','Mauritius','mauritisch'
'MK','die ehemalige jugoslawische Republik Mazedonien','mazedonisch'
'MX','Mexiko','mexikanisch'
'FM','die Föderierten Staaten von Mikronesien','mikronesisch'
'MD','die Republik Moldau','moldauisch'
'MC','Monaco','monegassisch'
'MN','die Mongolei','mongolisch'
'MZ','Mosambik','mosambikanisch'
'MM','Myanmar','myanmarisch'
'NA','Namibia','namibisch'
'NR','Nauru','nauruisch'
'NP','Nepal','nepalesisch'
'NZ','Neuseeland','neuseeländisch'
'NI','Nicaragua','nicaraguanisch'
'NL','die Niederlande','niederländisch'
'NE','Niger','nigrisch'
'NG','Nigeria','nigerianisch'
'NU','Niue (','niueanisch'
'NO','Norwegen','norwegisch'
'OM','Oman','omanisch'
'AT','Österreich','österreichisch'
'TL','Osttimor','osttimorisch'
'PK','Pakistan','pakistanisch'
'PW','Palau','palauisch'
'PA','Panama','panamaisch'
'PG','Papua-Neuguinea','papua-neuguineisch'
'PY','Paraguay','paraguayisch'
'PE','Peru','peruanisch'
'PH','die Philippinen','philippinisch'
'PL','Polen','polnisch'
'PT','Portugal','portugiesisch'
'RW','Ruanda','ruandisch'
'RO','Rumänien','rumänisch'
'RU','die Russische Föderation','russisch'
'SB','die Salomonen','salomonisch'
'ZM','Sambia','sambisch'
'WS','Samoa','samoanisch'
'SM','San Marino','san-marinesisch'
'ST','São Tomé und Príncipe','são-toméisch'
'SA','Saudi-Arabien','saudi-arabisch'
'SE','Schweden','schwedisch'
'CH','die Schweiz','schweizerisch'
'SN','Senegal','senegalesisch'
'CS','Serbien und Montenegro','serbisch-montenegrinisch'
'SC','die Seychellen','seychellisch'
'SL','Sierra Leone','sierra-leonisch'
'ZW','Simbabwe','simbabwisch'
'SG','Singapur','singapurisch'
'SK','die Slowakei','slowakisch'
'SI','Slowenien','slowenisch'
'SO','Somalia','somalisch'
'ES','Spanien','spanisch'
'LK','Sri Lanka','sri-lankisch'
'KN','St. Kitts und Nevis','St. Kitts und Nevis'
'LC','St. Lucia','lucianisch'
'VC','St. Vincent und die Grenadinen','vincentisch'
'ZA','Südafrika','südafrikanisch'
'SD','Sudan','sudanesisch'
'SR','Suriname','surinamisch'
'SZ','Swasiland','swasiländisch'
'SY','die Arabische Republik Syrien','syrisch'
'TJ','Tadschikistan','tadschikisch'
'TW','Taiwan','taiwanisch'
'TZ','die Vereinigte Republik Tansania','tansanisch'
'TH','Thailand','thailändisch'
'TG','Togo','togoisch'
'TO','Tonga','tongaisch'
'TT','Trinidad und Tobago','Trinidad und Tobago'
'TD','Tschad','tschadisch'
'CZ','die Tschechische Republik','tschechisch'
'TN','Tunesien','tunesisch'
'TR','die Türkei','türkisch'
'TM','Turkmenistan','turkmenisch'
'TV','Tuvalu','tuvaluisch'
'UG','Uganda','ugandisch'
'UA','die Ukraine','ukrainisch'
'HU','Ungarn','ungarisch'
'UY','Uruguay','uruguayisch'
'UZ','Usbekistan','usbekisch'
'VU','Vanuatu','vanuatuisch'
'VA','die Vatikanstadt','vatikanisch'
'VE','Venezuela','venezolanisch'
'AE','die Vereinigten Arabischen Emirate','Vereinigte Arabischen Emirate'
'US','die Vereinigten Staaten','amerikanisch'
'GB','das Vereinigte Königreich','britisch'
'VN','Vietnam','vietnamesisch'
'BY','Weißrussland','weißrussisch'
'CF','die Zentralafrikanische Republik','zentralafrikanisch'
'CY','Zypern','zyprisch'
